{
  "PartialUpdateBooking" : {
    "transaction" : "PartialUpdateBooking",
    "sampleCount" : 1000,
    "errorCount" : 0,
    "errorPct" : 0.0,
    "meanResTime" : 257.2819999999995,
    "medianResTime" : 255.0,
    "minResTime" : 229.0,
    "maxResTime" : 1228.0,
    "pct1ResTime" : 263.9,
    "pct2ResTime" : 266.0,
    "pct3ResTime" : 270.0,
    "throughput" : 42.10349037935244,
    "receivedKBytesPerSec" : 17.063426276788345,
    "sentKBytesPerSec" : 15.829925582080755
  },
  "Total" : {
    "transaction" : "Total",
    "sampleCount" : 6000,
    "errorCount" : 0,
    "errorPct" : 0.0,
    "meanResTime" : 269.4268333333331,
    "medianResTime" : 255.0,
    "minResTime" : 227.0,
    "maxResTime" : 3172.0,
    "pct1ResTime" : 263.0,
    "pct2ResTime" : 266.0,
    "pct3ResTime" : 1019.9799999999996,
    "throughput" : 228.75443211712226,
    "receivedKBytesPerSec" : 82.0596953753479,
    "sentKBytesPerSec" : 79.26728287391819
  },
  "Auth" : {
    "transaction" : "Auth",
    "sampleCount" : 1000,
    "errorCount" : 0,
    "errorPct" : 0.0,
    "meanResTime" : 338.4510000000002,
    "medianResTime" : 254.0,
    "minResTime" : 228.0,
    "maxResTime" : 3172.0,
    "pct1ResTime" : 906.399999999996,
    "pct2ResTime" : 1024.0,
    "pct3ResTime" : 1073.91,
    "throughput" : 40.11875150445318,
    "receivedKBytesPerSec" : 10.61736490010431,
    "sentKBytesPerSec" : 9.872974003049025
  },
  "GetBooking" : {
    "transaction" : "GetBooking",
    "sampleCount" : 1000,
    "errorCount" : 0,
    "errorPct" : 0.0,
    "meanResTime" : 254.64600000000004,
    "medianResTime" : 254.0,
    "minResTime" : 227.0,
    "maxResTime" : 721.0,
    "pct1ResTime" : 262.0,
    "pct2ResTime" : 264.0,
    "pct3ResTime" : 267.99,
    "throughput" : 42.17096107620293,
    "receivedKBytesPerSec" : 17.0084051996795,
    "sentKBytesPerSec" : 7.001038459916502
  },
  "DeleteBooking" : {
    "transaction" : "DeleteBooking",
    "sampleCount" : 1000,
    "errorCount" : 0,
    "errorPct" : 0.0,
    "meanResTime" : 255.3970000000001,
    "medianResTime" : 255.0,
    "minResTime" : 228.0,
    "maxResTime" : 792.0,
    "pct1ResTime" : 263.0,
    "pct2ResTime" : 266.0,
    "pct3ResTime" : 273.0,
    "throughput" : 42.07514621113308,
    "receivedKBytesPerSec" : 10.190074473008794,
    "sentKBytesPerSec" : 12.573237051373754
  },
  "CreateBooking" : {
    "transaction" : "CreateBooking",
    "sampleCount" : 1000,
    "errorCount" : 0,
    "errorPct" : 0.0,
    "meanResTime" : 254.54700000000017,
    "medianResTime" : 254.0,
    "minResTime" : 228.0,
    "maxResTime" : 738.0,
    "pct1ResTime" : 262.0,
    "pct2ResTime" : 264.0,
    "pct3ResTime" : 268.99,
    "throughput" : 42.19231256065145,
    "receivedKBytesPerSec" : 18.211916163874942,
    "sentKBytesPerSec" : 19.242001919750223
  },
  "UpdateBooking" : {
    "transaction" : "UpdateBooking",
    "sampleCount" : 1000,
    "errorCount" : 0,
    "errorPct" : 0.0,
    "meanResTime" : 256.2380000000003,
    "medianResTime" : 255.0,
    "minResTime" : 228.0,
    "maxResTime" : 845.0,
    "pct1ResTime" : 264.0,
    "pct2ResTime" : 266.0,
    "pct3ResTime" : 272.0,
    "throughput" : 42.13897433736463,
    "receivedKBytesPerSec" : 17.077806982428047,
    "sentKBytesPerSec" : 22.59208682735662
  }
}