{
  "PartialUpdateBooking" : {
    "transaction" : "PartialUpdateBooking",
    "sampleCount" : 3000,
    "errorCount" : 0,
    "errorPct" : 0.0,
    "meanResTime" : 613.8883333333329,
    "medianResTime" : 709.5,
    "minResTime" : 238.0,
    "maxResTime" : 1248.0,
    "pct1ResTime" : 788.0,
    "pct2ResTime" : 815.0,
    "pct3ResTime" : 905.0,
    "throughput" : 80.75152754972949,
    "receivedKBytesPerSec" : 32.726449153454816,
    "sentKBytesPerSec" : 30.38964925237544
  },
  "Total" : {
    "transaction" : "Total",
    "sampleCount" : 18000,
    "errorCount" : 0,
    "errorPct" : 0.0,
    "meanResTime" : 506.70344444444373,
    "medianResTime" : 494.0,
    "minResTime" : 235.0,
    "maxResTime" : 2602.0,
    "pct1ResTime" : 767.0,
    "pct2ResTime" : 806.0,
    "pct3ResTime" : 1007.0,
    "throughput" : 453.33199012743665,
    "receivedKBytesPerSec" : 162.64814944529792,
    "sentKBytesPerSec" : 157.19562219815643
  },
  "Auth" : {
    "transaction" : "Auth",
    "sampleCount" : 3000,
    "errorCount" : 0,
    "errorPct" : 0.0,
    "meanResTime" : 334.2453333333333,
    "medianResTime" : 253.0,
    "minResTime" : 235.0,
    "maxResTime" : 2602.0,
    "pct1ResTime" : 934.1000000000126,
    "pct2ResTime" : 1015.9499999999998,
    "pct3ResTime" : 1072.9799999999996,
    "throughput" : 78.21054278116691,
    "receivedKBytesPerSec" : 20.698297943062727,
    "sentKBytesPerSec" : 19.247125762552795
  },
  "GetBooking" : {
    "transaction" : "GetBooking",
    "sampleCount" : 3000,
    "errorCount" : 0,
    "errorPct" : 0.0,
    "meanResTime" : 432.53899999999885,
    "medianResTime" : 477.5,
    "minResTime" : 236.0,
    "maxResTime" : 973.0,
    "pct1ResTime" : 523.0,
    "pct2ResTime" : 541.0,
    "pct3ResTime" : 589.9799999999996,
    "throughput" : 80.8429222021612,
    "receivedKBytesPerSec" : 32.60559264598884,
    "sentKBytesPerSec" : 13.45018854927376
  },
  "DeleteBooking" : {
    "transaction" : "DeleteBooking",
    "sampleCount" : 3000,
    "errorCount" : 0,
    "errorPct" : 0.0,
    "meanResTime" : 613.7760000000011,
    "medianResTime" : 710.0,
    "minResTime" : 238.0,
    "maxResTime" : 1228.0,
    "pct1ResTime" : 788.0,
    "pct2ResTime" : 816.0,
    "pct3ResTime" : 923.0,
    "throughput" : 80.70156561037284,
    "receivedKBytesPerSec" : 19.544910421262173,
    "sentKBytesPerSec" : 24.144847120971647
  },
  "CreateBooking" : {
    "transaction" : "CreateBooking",
    "sampleCount" : 3000,
    "errorCount" : 0,
    "errorPct" : 0.0,
    "meanResTime" : 432.0939999999991,
    "medianResTime" : 476.5,
    "minResTime" : 236.0,
    "maxResTime" : 979.0,
    "pct1ResTime" : 523.0,
    "pct2ResTime" : 539.0,
    "pct3ResTime" : 585.9799999999996,
    "throughput" : 80.8996035919424,
    "receivedKBytesPerSec" : 34.94857608270636,
    "sentKBytesPerSec" : 36.89464343499717
  },
  "UpdateBooking" : {
    "transaction" : "UpdateBooking",
    "sampleCount" : 3000,
    "errorCount" : 0,
    "errorPct" : 0.0,
    "meanResTime" : 613.6779999999973,
    "medianResTime" : 708.0,
    "minResTime" : 238.0,
    "maxResTime" : 1229.0,
    "pct1ResTime" : 788.9000000000001,
    "pct2ResTime" : 812.9499999999998,
    "pct3ResTime" : 900.9899999999998,
    "throughput" : 80.79719903043362,
    "receivedKBytesPerSec" : 32.74495859143549,
    "sentKBytesPerSec" : 43.34701344936708
  }
}