{
  "PartialUpdateBooking" : {
    "transaction" : "PartialUpdateBooking",
    "sampleCount" : 5000,
    "errorCount" : 217,
    "errorPct" : 4.34,
    "meanResTime" : 1321.4790000000007,
    "medianResTime" : 1417.0,
    "minResTime" : 45.0,
    "maxResTime" : 10272.0,
    "pct1ResTime" : 1635.0,
    "pct2ResTime" : 1701.0,
    "pct3ResTime" : 1862.9599999999991,
    "throughput" : 70.8054831766172,
    "receivedKBytesPerSec" : 29.535954139288545,
    "sentKBytesPerSec" : 26.42070648826045
  },
  "Total" : {
    "transaction" : "Total",
    "sampleCount" : 30000,
    "errorCount" : 914,
    "errorPct" : 3.0466666,
    "meanResTime" : 1016.8973666666714,
    "medianResTime" : 933.0,
    "minResTime" : 45.0,
    "maxResTime" : 10403.0,
    "pct1ResTime" : 1600.0,
    "pct2ResTime" : 1698.9500000000007,
    "pct3ResTime" : 7253.0,
    "throughput" : 406.08037684258966,
    "receivedKBytesPerSec" : 152.42971161102238,
    "sentKBytesPerSec" : 139.71309046624796
  },
  "Auth" : {
    "transaction" : "Auth",
    "sampleCount" : 5000,
    "errorCount" : 86,
    "errorPct" : 1.72,
    "meanResTime" : 422.8793999999999,
    "medianResTime" : 252.0,
    "minResTime" : 49.0,
    "maxResTime" : 10403.0,
    "pct1ResTime" : 975.0,
    "pct2ResTime" : 1031.0,
    "pct3ResTime" : 6275.819999999996,
    "throughput" : 68.8838067946987,
    "receivedKBytesPerSec" : 20.343890566018242,
    "sentKBytesPerSec" : 16.6603020899347
  },
  "GetBooking" : {
    "transaction" : "GetBooking",
    "sampleCount" : 5000,
    "errorCount" : 83,
    "errorPct" : 1.66,
    "meanResTime" : 774.9672000000007,
    "medianResTime" : 832.0,
    "minResTime" : 50.0,
    "maxResTime" : 10268.0,
    "pct1ResTime" : 931.0,
    "pct2ResTime" : 991.0,
    "pct3ResTime" : 1101.9699999999993,
    "throughput" : 70.8596695105014,
    "receivedKBytesPerSec" : 29.748674592025452,
    "sentKBytesPerSec" : 11.644707181273207
  },
  "DeleteBooking" : {
    "transaction" : "DeleteBooking",
    "sampleCount" : 5000,
    "errorCount" : 346,
    "errorPct" : 6.92,
    "meanResTime" : 1341.7470000000014,
    "medianResTime" : 1417.0,
    "minResTime" : 52.0,
    "maxResTime" : 10272.0,
    "pct1ResTime" : 1635.0,
    "pct2ResTime" : 1710.9499999999998,
    "pct3ResTime" : 6357.969999999999,
    "throughput" : 70.9733282232537,
    "receivedKBytesPerSec" : 19.46105294255419,
    "sentKBytesPerSec" : 20.941234971397748
  },
  "CreateBooking" : {
    "transaction" : "CreateBooking",
    "sampleCount" : 5000,
    "errorCount" : 48,
    "errorPct" : 0.96,
    "meanResTime" : 885.8819999999994,
    "medianResTime" : 832.0,
    "minResTime" : 229.0,
    "maxResTime" : 10305.0,
    "pct1ResTime" : 945.0,
    "pct2ResTime" : 1010.9499999999998,
    "pct3ResTime" : 7262.969999999999,
    "throughput" : 70.8877987920719,
    "receivedKBytesPerSec" : 30.773307243669716,
    "sentKBytesPerSec" : 32.32871292568123
  },
  "UpdateBooking" : {
    "transaction" : "UpdateBooking",
    "sampleCount" : 5000,
    "errorCount" : 134,
    "errorPct" : 2.68,
    "meanResTime" : 1354.4295999999983,
    "medianResTime" : 1418.0,
    "minResTime" : 53.0,
    "maxResTime" : 10398.0,
    "pct1ResTime" : 1639.9000000000005,
    "pct2ResTime" : 1715.0,
    "pct3ResTime" : 6412.819999999996,
    "throughput" : 70.83256598053521,
    "receivedKBytesPerSec" : 29.15404777125331,
    "sentKBytesPerSec" : 37.81493376269674
  }
}