{
  "PartialUpdateBooking" : {
    "transaction" : "PartialUpdateBooking",
    "sampleCount" : 2000,
    "errorCount" : 0,
    "errorPct" : 0.0,
    "meanResTime" : 314.6955000000005,
    "medianResTime" : 326.0,
    "minResTime" : 239.0,
    "maxResTime" : 445.0,
    "pct1ResTime" : 378.0,
    "pct2ResTime" : 389.0,
    "pct3ResTime" : 415.0,
    "throughput" : 78.125,
    "receivedKBytesPerSec" : 31.6619873046875,
    "sentKBytesPerSec" : 29.3731689453125
  },
  "Total" : {
    "transaction" : "Total",
    "sampleCount" : 12000,
    "errorCount" : 0,
    "errorPct" : 0.0,
    "meanResTime" : 306.41366666666653,
    "medianResTime" : 282.0,
    "minResTime" : 236.0,
    "maxResTime" : 1531.0,
    "pct1ResTime" : 369.0,
    "pct2ResTime" : 383.0,
    "pct3ResTime" : 998.9899999999998,
    "throughput" : 425.5922825932756,
    "receivedKBytesPerSec" : 152.67014824797843,
    "sentKBytesPerSec" : 147.47492995460348
  },
  "Auth" : {
    "transaction" : "Auth",
    "sampleCount" : 2000,
    "errorCount" : 0,
    "errorPct" : 0.0,
    "meanResTime" : 329.2894999999993,
    "medianResTime" : 251.0,
    "minResTime" : 236.0,
    "maxResTime" : 1531.0,
    "pct1ResTime" : 892.6000000000549,
    "pct2ResTime" : 1011.8499999999995,
    "pct3ResTime" : 1055.99,
    "throughput" : 74.37432598267078,
    "receivedKBytesPerSec" : 19.683049161429476,
    "sentKBytesPerSec" : 18.30305678479789
  },
  "GetBooking" : {
    "transaction" : "GetBooking",
    "sampleCount" : 2000,
    "errorCount" : 0,
    "errorPct" : 0.0,
    "meanResTime" : 283.6465000000002,
    "medianResTime" : 289.0,
    "minResTime" : 238.0,
    "maxResTime" : 515.0,
    "pct1ResTime" : 317.0,
    "pct2ResTime" : 323.0,
    "pct3ResTime" : 341.0,
    "throughput" : 78.22889775483064,
    "receivedKBytesPerSec" : 31.55130348900884,
    "sentKBytesPerSec" : 12.987219353829305
  },
  "DeleteBooking" : {
    "transaction" : "DeleteBooking",
    "sampleCount" : 2000,
    "errorCount" : 0,
    "errorPct" : 0.0,
    "meanResTime" : 314.0574999999995,
    "medianResTime" : 326.0,
    "minResTime" : 240.0,
    "maxResTime" : 455.0,
    "pct1ResTime" : 376.0,
    "pct2ResTime" : 385.9499999999998,
    "pct3ResTime" : 408.0,
    "throughput" : 78.08534728458206,
    "receivedKBytesPerSec" : 18.911295045484714,
    "sentKBytesPerSec" : 23.334097919025496
  },
  "CreateBooking" : {
    "transaction" : "CreateBooking",
    "sampleCount" : 2000,
    "errorCount" : 0,
    "errorPct" : 0.0,
    "meanResTime" : 282.0815000000002,
    "medianResTime" : 286.0,
    "minResTime" : 237.0,
    "maxResTime" : 408.0,
    "pct1ResTime" : 316.0,
    "pct2ResTime" : 323.0,
    "pct3ResTime" : 337.0,
    "throughput" : 78.27175954915467,
    "receivedKBytesPerSec" : 33.78527121164684,
    "sentKBytesPerSec" : 35.69620284126487
  },
  "UpdateBooking" : {
    "transaction" : "UpdateBooking",
    "sampleCount" : 2000,
    "errorCount" : 0,
    "errorPct" : 0.0,
    "meanResTime" : 314.71150000000006,
    "medianResTime" : 324.0,
    "minResTime" : 239.0,
    "maxResTime" : 450.0,
    "pct1ResTime" : 378.0,
    "pct2ResTime" : 387.0,
    "pct3ResTime" : 409.99,
    "throughput" : 78.17080320500293,
    "receivedKBytesPerSec" : 31.680550127027555,
    "sentKBytesPerSec" : 41.909932577682234
  }
}