{
  "PartialUpdateBooking" : {
    "transaction" : "PartialUpdateBooking",
    "sampleCount" : 4000,
    "errorCount" : 0,
    "errorPct" : 0.0,
    "meanResTime" : 366.7492499999999,
    "medianResTime" : 378.0,
    "minResTime" : 238.0,
    "maxResTime" : 929.0,
    "pct1ResTime" : 475.0,
    "pct2ResTime" : 493.0,
    "pct3ResTime" : 518.9899999999998,
    "throughput" : 145.3752498637107,
    "receivedKBytesPerSec" : 58.91672723968744,
    "sentKBytesPerSec" : 54.64167982236962
  },
  "Total" : {
    "transaction" : "Total",
    "sampleCount" : 24000,
    "errorCount" : 0,
    "errorPct" : 0.0,
    "meanResTime" : 341.2859583333332,
    "medianResTime" : 334.0,
    "minResTime" : 237.0,
    "maxResTime" : 1446.0,
    "pct1ResTime" : 464.0,
    "pct2ResTime" : 483.0,
    "pct3ResTime" : 523.0,
    "throughput" : 799.6268408076231,
    "receivedKBytesPerSec" : 286.8306313824382,
    "sentKBytesPerSec" : 277.0255391234091
  },
  "Auth" : {
    "transaction" : "Auth",
    "sampleCount" : 4000,
    "errorCount" : 0,
    "errorPct" : 0.0,
    "meanResTime" : 329.89224999999976,
    "medianResTime" : 252.0,
    "minResTime" : 237.0,
    "maxResTime" : 1446.0,
    "pct1ResTime" : 936.7000000000194,
    "pct2ResTime" : 1017.0,
    "pct3ResTime" : 1054.0,
    "throughput" : 139.30486870516123,
    "receivedKBytesPerSec" : 36.866815838963575,
    "sentKBytesPerSec" : 34.28205753291078
  },
  "GetBooking" : {
    "transaction" : "GetBooking",
    "sampleCount" : 4000,
    "errorCount" : 0,
    "errorPct" : 0.0,
    "meanResTime" : 310.2145000000014,
    "medianResTime" : 315.0,
    "minResTime" : 237.0,
    "maxResTime" : 458.0,
    "pct1ResTime" : 369.0,
    "pct2ResTime" : 380.0,
    "pct3ResTime" : 396.0,
    "throughput" : 145.50745725718443,
    "receivedKBytesPerSec" : 58.68611313204802,
    "sentKBytesPerSec" : 24.140490007730087
  },
  "DeleteBooking" : {
    "transaction" : "DeleteBooking",
    "sampleCount" : 4000,
    "errorCount" : 0,
    "errorPct" : 0.0,
    "meanResTime" : 365.52350000000075,
    "medianResTime" : 377.0,
    "minResTime" : 238.0,
    "maxResTime" : 926.0,
    "pct1ResTime" : 474.0,
    "pct2ResTime" : 492.0,
    "pct3ResTime" : 521.0,
    "throughput" : 145.32243415077204,
    "receivedKBytesPerSec" : 35.1952770208901,
    "sentKBytesPerSec" : 43.410429439146235
  },
  "CreateBooking" : {
    "transaction" : "CreateBooking",
    "sampleCount" : 4000,
    "errorCount" : 0,
    "errorPct" : 0.0,
    "meanResTime" : 307.7902500000006,
    "medianResTime" : 311.5,
    "minResTime" : 237.0,
    "maxResTime" : 411.0,
    "pct1ResTime" : 365.0,
    "pct2ResTime" : 374.9499999999998,
    "pct3ResTime" : 391.9899999999998,
    "throughput" : 145.57100225635054,
    "receivedKBytesPerSec" : 62.818329948049346,
    "sentKBytesPerSec" : 66.38833794308174
  },
  "UpdateBooking" : {
    "transaction" : "UpdateBooking",
    "sampleCount" : 4000,
    "errorCount" : 0,
    "errorPct" : 0.0,
    "meanResTime" : 367.5459999999989,
    "medianResTime" : 381.0,
    "minResTime" : 238.0,
    "maxResTime" : 932.0,
    "pct1ResTime" : 476.0,
    "pct2ResTime" : 495.0,
    "pct3ResTime" : 521.9899999999998,
    "throughput" : 145.43339150668993,
    "receivedKBytesPerSec" : 58.940290503199535,
    "sentKBytesPerSec" : 77.95559992410195
  }
}